Workbook

Sheet Dashboard
A1: CALL CENTRE ANALYTICS DASHBOARD | FY 2024
A2: Data Analyst Portfolio Project
A4: Total Calls (FY 2024) | C4: Calls Answered | E4: Avg Abandon Rate | G4: Avg FCR | I4: Avg CSAT Score | K4: Avg SLA % | M4: Total Escalations | O4: Total Revenue (MWK)
A5: =KPI_Summary!B17 -> 219816 | C5: =KPI_Summary!C17 -> 203161 | E5: =KPI_Summary!E17 -> 0.075916112 | G5: =KPI_Summary!G17 -> 0.76408333 | I5: =KPI_Summary!H17 -> 4.0833333 | K5: =KPI_Summary!K17 -> 0.82141667 | M5: =KPI_Summary!M17 -> 2149 | O5: =KPI_Summary!O17 -> 137043469
A7: FY 2024 Annual | C7: FY 2024 Annual | E7: FY 2024 Annual | G7: FY 2024 Annual | I7: FY 2024 Annual | K7: FY 2024 Annual | M7: FY 2024 Annual | O7: FY 2024 Annual

Sheet Raw_Data
A1: Month | B1: Total_Calls | C1: Calls_Answered | D1: Calls_Abandoned | E1: Avg_Handle_Time_sec | F1: First_Call_Resolution_% | G1: CSAT_Score | H1: Agents_Available | I1: Avg_Speed_Answer_sec | J1: SLA_% | K1: Occupancy_% | L1: After_Call_Work_sec | M1: Escalations | N1: Complaints | O1: Revenue_MWK
A2: Jan-24 | B2: 19119 | C2: 18184 | D2: 935 | E2: 304 | F2: 0.735 | G2: 3.6 | H2: 48 | I2: 89 | J2: 0.74 | K2: 0.793 | L2: 31 | M2: 103 | N2: 95 | O2: 9779635
A3: Feb-24 | B3: 18965 | C3: 18167 | D3: 798 | E3: 235 | F3: 0.823 | G3: 4.3 | H3: 58 | I3: 48 | J3: 0.823 | K3: 0.761 | L3: 85 | M3: 81 | N3: 80 | O3: 12339767
A4: Mar-24 | B4: 17893 | C4: 16780 | D4: 1113 | E4: 237 | F4: 0.871 | G4: 3.7 | H4: 47 | I4: 68 | J4: 0.742 | K4: 0.886 | L4: 68 | M4: 147 | N4: 51 | O4: 12513525
A5: Apr-24 | B5: 18696 | C5: 17762 | D5: 934 | E5: 258 | F5: 0.696 | G5: 3.7 | H5: 65 | I5: 66 | J5: 0.853 | K5: 0.855 | L5: 32 | M5: 249 | N5: 98 | O5: 12751876
A6: May-24 | B6: 16826 | C6: 15002 | D6: 1824 | E6: 320 | F6: 0.7 | G6: 3.6 | H6: 65 | I6: 66 | J6: 0.757 | K6: 0.778 | L6: 72 | M6: 148 | N6: 58 | O6: 11850221
A7: Jun-24 | B7: 17200 | C7: 15778 | D7: 1422 | E7: 241 | F7: 0.713 | G7: 3.8 | H7: 65 | I7: 48 | J7: 0.877 | K7: 0.885 | L7: 79 | M7: 94 | N7: 98 | O7: 13019914
A8: Jul-24 | B8: 19797 | C8: 18506 | D8: 1291 | E8: 244 | F8: 0.693 | G8: 4.7 | H8: 63 | I8: 60 | J8: 0.769 | K8: 0.81 | L8: 86 | M8: 244 | N8: 157 | O8: 9285794
A9: Aug-24 | B9: 17071 | C9: 16052 | D9: 1019 | E9: 281 | F9: 0.788 | G9: 4.4 | H9: 58 | I9: 71 | J9: 0.803 | K9: 0.919 | L9: 38 | M9: 210 | N9: 166 | O9: 9000002
A10: Sep-24 | B10: 16692 | C10: 14875 | D10: 1817 | E10: 229 | F10: 0.805 | G10: 4.5 | H10: 58 | I10: 28 | J10: 0.808 | K10: 0.831 | L10: 59 | M10: 215 | N10: 104 | O10: 13840931
A11: Oct-24 | B11: 20025 | C11: 17715 | D11: 2310 | E11: 297 | F11: 0.824 | G11: 4.3 | H11: 62 | I11: 54 | J11: 0.897 | K11: 0.775 | L11: 48 | M11: 191 | N11: 80 | O11: 10995480
A12: Nov-24 | B12: 20406 | C12: 18411 | D12: 1995 | E12: 302 | F12: 0.733 | G12: 4 | H12: 50 | I12: 84 | J12: 0.93 | K12: 0.892 | L12: 49 | M12: 295 | N12: 169 | O12: 11849336
A13: Dec-24 | B13: 17126 | C13: 15929 | D13: 1197 | E13: 230 | F13: 0.788 | G13: 4.4 | H13: 61 | I13: 20 | J13: 0.858 | K13: 0.807 | L13: 37 | M13: 172 | N13: 118 | O13: 9816988

Sheet KPI_Summary
A1: CALL CENTRE PERFORMANCE DASHBOARD | FY 2024
A2: Data Analyst – Monthly KPI Summary
A4: Month | B4: Total Calls | C4: Answered | D4: Abandoned | E4: Abandon Rate | F4: AHT (sec) | G4: FCR % | H4: CSAT | I4: Agents | J4: ASA (sec) | K4: SLA % | L4: Occupancy % | M4: Escalations | N4: Complaints | O4: Revenue (MWK) | P4: MoM Revenue Δ
A5: =Raw_Data!A2 -> Jan-24 | B5: =Raw_Data!B2 -> 19119 | C5: =Raw_Data!C2 -> 18184 | D5: =Raw_Data!D2 -> 935 | E5: =IFERROR(Raw_Data!D2/Raw_Data!B2,0) -> 0.048904231 | F5: =Raw_Data!E2 -> 304 | G5: =Raw_Data!F2 -> 0.735 | H5: =Raw_Data!G2 -> 3.6 | I5: =Raw_Data!H2 -> 48 | J5: =Raw_Data!I2 -> 89 | K5: =Raw_Data!J2 -> 0.74 | L5: =Raw_Data!K2 -> 0.793 | M5: =Raw_Data!M2 -> 103 | N5: =Raw_Data!N2 -> 95 | O5: =Raw_Data!O2 -> 9779635 | P5: N/A
A6: =Raw_Data!A3 -> Feb-24 | B6: =Raw_Data!B3 -> 18965 | C6: =Raw_Data!C3 -> 18167 | D6: =Raw_Data!D3 -> 798 | E6: =IFERROR(Raw_Data!D3/Raw_Data!B3,0) -> 0.042077511 | F6: =Raw_Data!E3 -> 235 | G6: =Raw_Data!F3 -> 0.823 | H6: =Raw_Data!G3 -> 4.3 | I6: =Raw_Data!H3 -> 58 | J6: =Raw_Data!I3 -> 48 | K6: =Raw_Data!J3 -> 0.823 | L6: =Raw_Data!K3 -> 0.761 | M6: =Raw_Data!M3 -> 81 | N6: =Raw_Data!N3 -> 80 | O6: =Raw_Data!O3 -> 12339767 | P6: =IFERROR((O6-O5)/O5,0) -> 0.26178196
A7: =Raw_Data!A4 -> Mar-24 | B7: =Raw_Data!B4 -> 17893 | C7: =Raw_Data!C4 -> 16780 | D7: =Raw_Data!D4 -> 1113 | E7: =IFERROR(Raw_Data!D4/Raw_Data!B4,0) -> 0.062203096 | F7: =Raw_Data!E4 -> 237 | G7: =Raw_Data!F4 -> 0.871 | H7: =Raw_Data!G4 -> 3.7 | I7: =Raw_Data!H4 -> 47 | J7: =Raw_Data!I4 -> 68 | K7: =Raw_Data!J4 -> 0.742 | L7: =Raw_Data!K4 -> 0.886 | M7: =Raw_Data!M4 -> 147 | N7: =Raw_Data!N4 -> 51 | O7: =Raw_Data!O4 -> 12513525 | P7: =IFERROR((O7-O6)/O6,0) -> 0.014081141
A8: =Raw_Data!A5 -> Apr-24 | B8: =Raw_Data!B5 -> 18696 | C8: =Raw_Data!C5 -> 17762 | D8: =Raw_Data!D5 -> 934 | E8: =IFERROR(Raw_Data!D5/Raw_Data!B5,0) -> 0.04995721 | F8: =Raw_Data!E5 -> 258 | G8: =Raw_Data!F5 -> 0.696 | H8: =Raw_Data!G5 -> 3.7 | I8: =Raw_Data!H5 -> 65 | J8: =Raw_Data!I5 -> 66 | K8: =Raw_Data!J5 -> 0.853 | L8: =Raw_Data!K5 -> 0.855 | M8: =Raw_Data!M5 -> 249 | N8: =Raw_Data!N5 -> 98 | O8: =Raw_Data!O5 -> 12751876 | P8: =IFERROR((O8-O7)/O7,0) -> 0.019047471
A9: =Raw_Data!A6 -> May-24 | B9: =Raw_Data!B6 -> 16826 | C9: =Raw_Data!C6 -> 15002 | D9: =Raw_Data!D6 -> 1824 | E9: =IFERROR(Raw_Data!D6/Raw_Data!B6,0) -> 0.10840366 | F9: =Raw_Data!E6 -> 320 | G9: =Raw_Data!F6 -> 0.7 | H9: =Raw_Data!G6 -> 3.6 | I9: =Raw_Data!H6 -> 65 | J9: =Raw_Data!I6 -> 66 | K9: =Raw_Data!J6 -> 0.757 | L9: =Raw_Data!K6 -> 0.778 | M9: =Raw_Data!M6 -> 148 | N9: =Raw_Data!N6 -> 58 | O9: =Raw_Data!O6 -> 11850221 | P9: =IFERROR((O9-O8)/O8,0) -> -0.070707635
A10: =Raw_Data!A7 -> Jun-24 | B10: =Raw_Data!B7 -> 17200 | C10: =Raw_Data!C7 -> 15778 | D10: =Raw_Data!D7 -> 1422 | E10: =IFERROR(Raw_Data!D7/Raw_Data!B7,0) -> 0.082674419 | F10: =Raw_Data!E7 -> 241 | G10: =Raw_Data!F7 -> 0.713 | H10: =Raw_Data!G7 -> 3.8 | I10: =Raw_Data!H7 -> 65 | J10: =Raw_Data!I7 -> 48 | K10: =Raw_Data!J7 -> 0.877 | L10: =Raw_Data!K7 -> 0.885 | M10: =Raw_Data!M7 -> 94 | N10: =Raw_Data!N7 -> 98 | O10: =Raw_Data!O7 -> 13019914 | P10: =IFERROR((O10-O9)/O9,0) -> 0.098706429
A11: =Raw_Data!A8 -> Jul-24 | B11: =Raw_Data!B8 -> 19797 | C11: =Raw_Data!C8 -> 18506 | D11: =Raw_Data!D8 -> 1291 | E11: =IFERROR(Raw_Data!D8/Raw_Data!B8,0) -> 0.065211901 | F11: =Raw_Data!E8 -> 244 | G11: =Raw_Data!F8 -> 0.693 | H11: =Raw_Data!G8 -> 4.7 | I11: =Raw_Data!H8 -> 63 | J11: =Raw_Data!I8 -> 60 | K11: =Raw_Data!J8 -> 0.769 | L11: =Raw_Data!K8 -> 0.81 | M11: =Raw_Data!M8 -> 244 | N11: =Raw_Data!N8 -> 157 | O11: =Raw_Data!O8 -> 9285794 | P11: =IFERROR((O11-O10)/O10,0) -> -0.28680067
A12: =Raw_Data!A9 -> Aug-24 | B12: =Raw_Data!B9 -> 17071 | C12: =Raw_Data!C9 -> 16052 | D12: =Raw_Data!D9 -> 1019 | E12: =IFERROR(Raw_Data!D9/Raw_Data!B9,0) -> 0.059691875 | F12: =Raw_Data!E9 -> 281 | G12: =Raw_Data!F9 -> 0.788 | H12: =Raw_Data!G9 -> 4.4 | I12: =Raw_Data!H9 -> 58 | J12: =Raw_Data!I9 -> 71 | K12: =Raw_Data!J9 -> 0.803 | L12: =Raw_Data!K9 -> 0.919 | M12: =Raw_Data!M9 -> 210 | N12: =Raw_Data!N9 -> 166 | O12: =Raw_Data!O9 -> 9000002 | P12: =IFERROR((O12-O11)/O11,0) -> -0.030777336
A13: =Raw_Data!A10 -> Sep-24 | B13: =Raw_Data!B10 -> 16692 | C13: =Raw_Data!C10 -> 14875 | D13: =Raw_Data!D10 -> 1817 | E13: =IFERROR(Raw_Data!D10/Raw_Data!B10,0) -> 0.10885454 | F13: =Raw_Data!E10 -> 229 | G13: =Raw_Data!F10 -> 0.805 | H13: =Raw_Data!G10 -> 4.5 | I13: =Raw_Data!H10 -> 58 | J13: =Raw_Data!I10 -> 28 | K13: =Raw_Data!J10 -> 0.808 | L13: =Raw_Data!K10 -> 0.831 | M13: =Raw_Data!M10 -> 215 | N13: =Raw_Data!N10 -> 104 | O13: =Raw_Data!O10 -> 13840931 | P13: =IFERROR((O13-O12)/O12,0) -> 0.53788088
A14: =Raw_Data!A11 -> Oct-24 | B14: =Raw_Data!B11 -> 20025 | C14: =Raw_Data!C11 -> 17715 | D14: =Raw_Data!D11 -> 2310 | E14: =IFERROR(Raw_Data!D11/Raw_Data!B11,0) -> 0.11535581 | F14: =Raw_Data!E11 -> 297 | G14: =Raw_Data!F11 -> 0.824 | H14: =Raw_Data!G11 -> 4.3 | I14: =Raw_Data!H11 -> 62 | J14: =Raw_Data!I11 -> 54 | K14: =Raw_Data!J11 -> 0.897 | L14: =Raw_Data!K11 -> 0.775 | M14: =Raw_Data!M11 -> 191 | N14: =Raw_Data!N11 -> 80 | O14: =Raw_Data!O11 -> 10995480 | P14: =IFERROR((O14-O13)/O13,0) -> -0.20558234
A15: =Raw_Data!A12 -> Nov-24 | B15: =Raw_Data!B12 -> 20406 | C15: =Raw_Data!C12 -> 18411 | D15: =Raw_Data!D12 -> 1995 | E15: =IFERROR(Raw_Data!D12/Raw_Data!B12,0) -> 0.097765363 | F15: =Raw_Data!E12 -> 302 | G15: =Raw_Data!F12 -> 0.733 | H15: =Raw_Data!G12 -> 4 | I15: =Raw_Data!H12 -> 50 | J15: =Raw_Data!I12 -> 84 | K15: =Raw_Data!J12 -> 0.93 | L15: =Raw_Data!K12 -> 0.892 | M15: =Raw_Data!M12 -> 295 | N15: =Raw_Data!N12 -> 169 | O15: =Raw_Data!O12 -> 11849336 | P15: =IFERROR((O15-O14)/O14,0) -> 0.077655182
A16: =Raw_Data!A13 -> Dec-24 | B16: =Raw_Data!B13 -> 17126 | C16: =Raw_Data!C13 -> 15929 | D16: =Raw_Data!D13 -> 1197 | E16: =IFERROR(Raw_Data!D13/Raw_Data!B13,0) -> 0.069893729 | F16: =Raw_Data!E13 -> 230 | G16: =Raw_Data!F13 -> 0.788 | H16: =Raw_Data!G13 -> 4.4 | I16: =Raw_Data!H13 -> 61 | J16: =Raw_Data!I13 -> 20 | K16: =Raw_Data!J13 -> 0.858 | L16: =Raw_Data!K13 -> 0.807 | M16: =Raw_Data!M13 -> 172 | N16: =Raw_Data!N13 -> 118 | O16: =Raw_Data!O13 -> 9816988 | P16: =IFERROR((O16-O15)/O15,0) -> -0.17151577
A17: FY 2024 TOTAL / AVG | B17: =SUM(B5:B16) -> 219816 | C17: =SUM(C5:C16) -> 203161 | D17: =SUM(D5:D16) -> 16655 | E17: =AVERAGE(E5:E16) -> 0.075916112 | F17: =AVERAGE(F5:F16) -> 264.83333 | G17: =AVERAGE(G5:G16) -> 0.76408333 | H17: =AVERAGE(H5:H16) -> 4.0833333 | I17: =AVERAGE(I5:I16) -> 58.333333 | J17: =AVERAGE(J5:J16) -> 58.5 | K17: =AVERAGE(K5:K16) -> 0.82141667 | L17: =AVERAGE(L5:L16) -> 0.83266667 | M17: =SUM(M5:M16) -> 2149 | N17: =SUM(N5:N16) -> 1274 | O17: =SUM(O5:O16) -> 137043469

Sheet Chart_Data
A1: Month | B1: Total_Calls | C1: Answered | D1: Abandoned | E1: Abandon_Rate | F1: FCR_% | G1: CSAT | H1: SLA_% | I1: Revenue_MWK | J1: Escalations
A2: =Raw_Data!A2 -> Jan-24 | B2: =Raw_Data!B2 -> 19119 | C2: =Raw_Data!C2 -> 18184 | D2: =Raw_Data!D2 -> 935 | E2: =IFERROR(Raw_Data!D2/Raw_Data!B2,0) -> 0.048904231 | F2: =Raw_Data!F2 -> 0.735 | G2: =Raw_Data!G2 -> 3.6 | H2: =Raw_Data!J2 -> 0.74 | I2: =Raw_Data!O2 -> 9779635 | J2: =Raw_Data!M2 -> 103
A3: =Raw_Data!A3 -> Feb-24 | B3: =Raw_Data!B3 -> 18965 | C3: =Raw_Data!C3 -> 18167 | D3: =Raw_Data!D3 -> 798 | E3: =IFERROR(Raw_Data!D3/Raw_Data!B3,0) -> 0.042077511 | F3: =Raw_Data!F3 -> 0.823 | G3: =Raw_Data!G3 -> 4.3 | H3: =Raw_Data!J3 -> 0.823 | I3: =Raw_Data!O3 -> 12339767 | J3: =Raw_Data!M3 -> 81
A4: =Raw_Data!A4 -> Mar-24 | B4: =Raw_Data!B4 -> 17893 | C4: =Raw_Data!C4 -> 16780 | D4: =Raw_Data!D4 -> 1113 | E4: =IFERROR(Raw_Data!D4/Raw_Data!B4,0) -> 0.062203096 | F4: =Raw_Data!F4 -> 0.871 | G4: =Raw_Data!G4 -> 3.7 | H4: =Raw_Data!J4 -> 0.742 | I4: =Raw_Data!O4 -> 12513525 | J4: =Raw_Data!M4 -> 147
A5: =Raw_Data!A5 -> Apr-24 | B5: =Raw_Data!B5 -> 18696 | C5: =Raw_Data!C5 -> 17762 | D5: =Raw_Data!D5 -> 934 | E5: =IFERROR(Raw_Data!D5/Raw_Data!B5,0) -> 0.04995721 | F5: =Raw_Data!F5 -> 0.696 | G5: =Raw_Data!G5 -> 3.7 | H5: =Raw_Data!J5 -> 0.853 | I5: =Raw_Data!O5 -> 12751876 | J5: =Raw_Data!M5 -> 249
A6: =Raw_Data!A6 -> May-24 | B6: =Raw_Data!B6 -> 16826 | C6: =Raw_Data!C6 -> 15002 | D6: =Raw_Data!D6 -> 1824 | E6: =IFERROR(Raw_Data!D6/Raw_Data!B6,0) -> 0.10840366 | F6: =Raw_Data!F6 -> 0.7 | G6: =Raw_Data!G6 -> 3.6 | H6: =Raw_Data!J6 -> 0.757 | I6: =Raw_Data!O6 -> 11850221 | J6: =Raw_Data!M6 -> 148
A7: =Raw_Data!A7 -> Jun-24 | B7: =Raw_Data!B7 -> 17200 | C7: =Raw_Data!C7 -> 15778 | D7: =Raw_Data!D7 -> 1422 | E7: =IFERROR(Raw_Data!D7/Raw_Data!B7,0) -> 0.082674419 | F7: =Raw_Data!F7 -> 0.713 | G7: =Raw_Data!G7 -> 3.8 | H7: =Raw_Data!J7 -> 0.877 | I7: =Raw_Data!O7 -> 13019914 | J7: =Raw_Data!M7 -> 94
A8: =Raw_Data!A8 -> Jul-24 | B8: =Raw_Data!B8 -> 19797 | C8: =Raw_Data!C8 -> 18506 | D8: =Raw_Data!D8 -> 1291 | E8: =IFERROR(Raw_Data!D8/Raw_Data!B8,0) -> 0.065211901 | F8: =Raw_Data!F8 -> 0.693 | G8: =Raw_Data!G8 -> 4.7 | H8: =Raw_Data!J8 -> 0.769 | I8: =Raw_Data!O8 -> 9285794 | J8: =Raw_Data!M8 -> 244
A9: =Raw_Data!A9 -> Aug-24 | B9: =Raw_Data!B9 -> 17071 | C9: =Raw_Data!C9 -> 16052 | D9: =Raw_Data!D9 -> 1019 | E9: =IFERROR(Raw_Data!D9/Raw_Data!B9,0) -> 0.059691875 | F9: =Raw_Data!F9 -> 0.788 | G9: =Raw_Data!G9 -> 4.4 | H9: =Raw_Data!J9 -> 0.803 | I9: =Raw_Data!O9 -> 9000002 | J9: =Raw_Data!M9 -> 210
A10: =Raw_Data!A10 -> Sep-24 | B10: =Raw_Data!B10 -> 16692 | C10: =Raw_Data!C10 -> 14875 | D10: =Raw_Data!D10 -> 1817 | E10: =IFERROR(Raw_Data!D10/Raw_Data!B10,0) -> 0.10885454 | F10: =Raw_Data!F10 -> 0.805 | G10: =Raw_Data!G10 -> 4.5 | H10: =Raw_Data!J10 -> 0.808 | I10: =Raw_Data!O10 -> 13840931 | J10: =Raw_Data!M10 -> 215
A11: =Raw_Data!A11 -> Oct-24 | B11: =Raw_Data!B11 -> 20025 | C11: =Raw_Data!C11 -> 17715 | D11: =Raw_Data!D11 -> 2310 | E11: =IFERROR(Raw_Data!D11/Raw_Data!B11,0) -> 0.11535581 | F11: =Raw_Data!F11 -> 0.824 | G11: =Raw_Data!G11 -> 4.3 | H11: =Raw_Data!J11 -> 0.897 | I11: =Raw_Data!O11 -> 10995480 | J11: =Raw_Data!M11 -> 191
A12: =Raw_Data!A12 -> Nov-24 | B12: =Raw_Data!B12 -> 20406 | C12: =Raw_Data!C12 -> 18411 | D12: =Raw_Data!D12 -> 1995 | E12: =IFERROR(Raw_Data!D12/Raw_Data!B12,0) -> 0.097765363 | F12: =Raw_Data!F12 -> 0.733 | G12: =Raw_Data!G12 -> 4 | H12: =Raw_Data!J12 -> 0.93 | I12: =Raw_Data!O12 -> 11849336 | J12: =Raw_Data!M12 -> 295
A13: =Raw_Data!A13 -> Dec-24 | B13: =Raw_Data!B13 -> 17126 | C13: =Raw_Data!C13 -> 15929 | D13: =Raw_Data!D13 -> 1197 | E13: =IFERROR(Raw_Data!D13/Raw_Data!B13,0) -> 0.069893729 | F13: =Raw_Data!F13 -> 0.788 | G13: =Raw_Data!G13 -> 4.4 | H13: =Raw_Data!J13 -> 0.858 | I13: =Raw_Data!O13 -> 9816988 | J13: =Raw_Data!M13 -> 172

Sheet Agent_Performance
A1: TNM PLC – AGENT WORKFORCE PRODUCTIVITY REPORT | FY 2024
A3: Agent I.D | B3: Team | C3: Calls Handled | D3: FCR % | E3: CSAT Score | F3: AHT (sec) | G3: Occupancy % | H3: Escalations | I3: Complaints | J3: Performance Tier
A4: ID 001 | B4: Team C | C4: 1627 | D4: 0.733 | E4: 4.2 | F4: 238 | G4: 0.725 | H4: 53 | I4: 7 | J4: =IF(E4>=4.5," Top Performer",IF(E4>=3.5," Meets Target",IF(E4>=2.5,"Needs Coaching","Under Review"))) -> Meets Target
A5: ID 002 | B5: Team D | C5: 1584 | D5: 0.786 | E5: 4.4 | F5: 202 | G5: 0.932 | H5: 36 | I5: 14 | J5: =IF(E5>=4.5," Top Performer",IF(E5>=3.5," Meets Target",IF(E5>=2.5,"Needs Coaching","Under Review"))) -> Meets Target
A6: ID 003 | B6: Team B | C6: 2055 | D6: 0.806 | E6: 4.6 | F6: 275 | G6: 0.897 | H6: 60 | I6: 15 | J6: =IF(E6>=4.5," Top Performer",IF(E6>=3.5," Meets Target",IF(E6>=2.5,"Needs Coaching","Under Review"))) -> Top Performer
A7: ID 004 | B7: Team A | C7: 1745 | D7: 0.831 | E7: 4.7 | F7: 266 | G7: 0.675 | H7: 50 | I7: 35 | J7: =IF(E7>=4.5," Top Performer",IF(E7>=3.5," Meets Target",IF(E7>=2.5,"Needs Coaching","Under Review"))) -> Top Performer
A8: ID 005 | B8: Team A | C8: 1760 | D8: 0.711 | E8: 3.1 | F8: 322 | G8: 0.652 | H8: 18 | I8: 25 | J8: =IF(E8>=4.5," Top Performer",IF(E8>=3.5," Meets Target",IF(E8>=2.5,"Needs Coaching","Under Review"))) -> Needs Coaching
A9: ID 006 | B9: Team B | C9: 1746 | D9: 0.782 | E9: 3.4 | F9: 298 | G9: 0.943 | H9: 27 | I9: 10 | J9: =IF(E9>=4.5," Top Performer",IF(E9>=3.5," Meets Target",IF(E9>=2.5,"Needs Coaching","Under Review"))) -> Needs Coaching
A10: ID 007 | B10: Team A | C10: 1129 | D10: 0.862 | E10: 3.9 | F10: 225 | G10: 0.933 | H10: 47 | I10: 13 | J10: =IF(E10>=4.5," Top Performer",IF(E10>=3.5," Meets Target",IF(E10>=2.5,"Needs Coaching","Under Review"))) -> Meets Target
A11: ID 008 | B11: Team B | C11: 1024 | D11: 0.608 | E11: 3.9 | F11: 287 | G11: 0.674 | H11: 32 | I11: 7 | J11: =IF(E11>=4.5," Top Performer",IF(E11>=3.5," Meets Target",IF(E11>=2.5,"Needs Coaching","Under Review"))) -> Meets Target
A12: ID 009 | B12: Team B | C12: 1434 | D12: 0.816 | E12: 3.8 | F12: 214 | G12: 0.807 | H12: 17 | I12: 5 | J12: =IF(E12>=4.5," Top Performer",IF(E12>=3.5," Meets Target",IF(E12>=2.5,"Needs Coaching","Under Review"))) -> Meets Target
A13: ID 010 | B13: Team A | C13: 1707 | D13: 0.69 | E13: 3.8 | F13: 212 | G13: 0.756 | H13: 49 | I13: 32 | J13: =IF(E13>=4.5," Top Performer",IF(E13>=3.5," Meets Target",IF(E13>=2.5,"Needs Coaching","Under Review"))) -> Meets Target
A14: ID 011 | B14: Team A | C14: 1068 | D14: 0.858 | E14: 4.4 | F14: 218 | G14: 0.832 | H14: 31 | I14: 9 | J14: =IF(E14>=4.5," Top Performer",IF(E14>=3.5," Meets Target",IF(E14>=2.5,"Needs Coaching","Under Review"))) -> Meets Target
A15: ID 012 | B15: Team C | C15: 1043 | D15: 0.65 | E15: 3.3 | F15: 225 | G15: 0.773 | H15: 18 | I15: 37 | J15: =IF(E15>=4.5," Top Performer",IF(E15>=3.5," Meets Target",IF(E15>=2.5,"Needs Coaching","Under Review"))) -> Needs Coaching
... A23: ID 020 | B23: Team D | C23: 1576 | D23: 0.837 | E23: 4.2 | F23: 338 | G23: 0.85 | H23: 33 | I23: 14 | J23: =IF(E23>=4.5," Top Performer",IF(E23>=3.5," Meets Target",IF(E23>=2.5,"Needs Coaching","Under Review"))) -> Meets Target
A24: TEAM AVERAGE | C24: =AVERAGE(C4:C23) -> 1563.65 | D24: =AVERAGE(D4:D23) -> 0.77075 | E24: =AVERAGE(E4:E23) -> 4.13 | F24: =AVERAGE(F4:F23) -> 255.8 | G24: =AVERAGE(G4:G23) -> 0.8024 | H24: =SUM(H4:H23) -> 671 | I24: =SUM(I4:I23) -> 337
